A & P,A&W,Abbelen,Ablig Feinfrost,Ablinger,Abraham,Abrahams,Absolut,Abtei,Acáo,Acapulco,Achterhof,Acqua Panna,Actimel,Action,Active Foods,Active Fruits,Active O2,Activevites,Activia,Activlab,Adam's Fitness Food,Adapt,Additiva,Adelholzener,Adez,Adldorfer,Adler,Adonis,Adozan,Aerzener,Afri Cola,After Eight,Aggenstein,Agrarfrost,Agrico,Agro On,Ahama,Ahead,Ahinur,Ahoj-Brause,AIA,Aibler,Aichbachtaler,Ajinomoto,Aktiv3 ,Al Amier,Alba,Alberto,Alberts,ALB-GOLD,Albhof,Albi,Albio,Alb-Natur,Albus,Aldenhoven,Aldente's Brotwelt,ALDI SPORTS,Aleksandria,Alesto Fine,Alete,Alexander,Alexios,All Groo,All in Fruits,All Stars,Allcura,Allerrom,Allerstedter Käserei,Allfair,Allfein,Allgäuland,Allmikäs,Allnutrition ,Allos,Alma,Almased,Almdudler,Almenland,Almette,Almighurt,Almondy,Almtaler,Alnatura,Alnavit,Alnaviva,Aloha,Aloisius Quelle,Alpenbauer,Alpenfest,Alpengipfel,Alpenhain,Alpenhof,Alpenland,Alpenpower,Alpenrind,Alpenstern,Alpha Foods,Alphatier,Alphorn,Alpia,Alpro,Alpro Soya,Alsan,Alsiroyal,Altapharma,Altdorfer Biofleisch,Altenburger,Alvito,Alwa,Amaizin,Amanprana,Amapur,Amarula,Ambach,Amecke,Amfit,Amformula,Amicelli,Amidori,Amino,Amix,Ammerländer,Amsberg,Amsport,Amway,Anabol Cracker,ANAVEDA,Andechser Natur,Andros,Ankara,Anker,Ankerkraut,Annes Feinste,Anona,Antep,Antersdorfer Mühle,Anthon Berg,Antidote,A-One,Aoste,Ape,Aperol,Apetito,Apoday,Apollinaris,Apostels,Appel,Appenzeller,Apti,Aptonia,Aqua Römer,Aqua Vitale,Aral,Arbi,Arche,Arcticfish,Ardo,Argal,Argenta,Arizona,Arko,Arla,Arlberger,Armbruster,Arnott's,Aro,Aronia Original,Aroy-D,Artar Brot,ASAL,Asbach,Aseli,Ashoka,ASIA,Asia Tica,Asian Taste,Astenhof,Astra,Astro,ATCO,Atkins,Atlas,Atry,Attila Hildmann,Auenwald,AUER,Augustiner,Aunt Jemima,Aurica,Aurora,Austrian Cookie Dealer,Averna,Aviateur,Aviko,Avita,Axels,Ayyo,Azur
B. Just Bread,Baby Sun,Babybel,Babydream,Babylove,Bacardi,Backbord,Bäcker Bachmeier,Bäcker Cräcker,Bäcker Schüren,Bäcker Weiß,Bäckerei Lange,Bäckerei Schneider,Bäckerland,Backidee,Backini,Backjunge,Backshop,Bad Brambacher,Bad Brückenauer,Bad Driburger,Bad Dürrheimer,Bad Harzburger,Bad Heilbrunner,Bad Kissinger,Bad Liebenwerda,Bad Meinberger,Bad Pyrmonter,Bad Reichenhaller,Bahde,Bahlsen,Baileys,Bäko,Baktat,Balcerzak,bali,Bali Kitchen,Balisto,Bambi,Bamboo Garden,Bamboo Tree,Bamee,Bangs,Bard,Barebells,Bären Company,Bärenland,Bärenmarke,Bären-Treff,Barilla,Barney's Best,Barnhouse,Barre,Barteroder,Basica,Basinus,Bassett's,Bauckhof,Bauer,Bauer Funken,Bauerngut,Bauernküche,Bauli,Baumann,Bautz'ner,Bavaria Blu,Bayernglück,Bayernland,Bayreuther Bierbrauerei,Bazar,BBEX,BBGENICS,BBN,BBN Hardcore ,BBQ Zeit Zum Grillen,BCM,Be Green,Beanitos,BEAR,Bears & Friends,Beauty Sweeties,Beavita,BEBETO,Bebivita,Becel,Beck,Beckers,Beckers Bester,Beck's,Becky's,Bedda,Bedford,Beeck,Beemster,Beetgold,Beirut Brot,Be-Kind,Bel,Bel & Bio,Beleaf ,Belgian Butters,Bella,BelSun,Beltane,Belvita,Bembel With Care,Ben & Jerry's,Benediktiner,Beneo GmbH,Benfit,Benlian,Ben's Original,Bensdorp,Beond,Berchtesgadener Land,Bereket Brot,Berentzen,Berg Quelle,Bergader,Berger,Bergerie,Berggold,Bergkrone,Bergpracht,Bergquell,Bergwelt,Berief,BERING,Berioo,Berliner Kindl,Bernadett,Bernard Matthews,Bernbacher,Berschneider,Bertolli,Bertrand,Bertyn,Berwork,Best Body ,Betterprotein,Bettinas Keimbackstube,Bettine,Bett'r,Beutelsbacher,Beyond Meat,Bianconi,Bibigo,Biebelhausener Mühle,Bifi,Big Zone,Bihophar,Bille,Billie Green,Billy Tiger,Binckebanck,Bio Asia,Bio Back,Bio Breadness,Bio Company,Bio Cool,Bio Fit,Bio Greno,Bio Inside,Bio King,Bio Lust,Bio Mare,Bio Organic,Bio Planete,Bio Sonne,Bio Wise,Bio.K.,BioBio,Biofarm,Biofino,BioGourmet,Biojoy,BioKorn,Biolabor,Bioland,Bioline,Biomond,Bionade,Bionutra,Biopolar,Biosüße,Biotech USA,Bioticana,Biotiva,Biotona,Biotropic,Biotta,Biovegan,Bio-Verde,Bio-Zentrale,Birkel,Birkengold,Birkenhof,Birkenstock,Birkholz,Bisco,Biskin,Bissinger Auerquelle,Bitamo,Bitburger,Bitebox,Bizim Mutfak,Bizzl,Bjorg,BL,Black Premium,Blackfriars,Blackline 2.0,Bleib Gesund,Blevita,Bley,Blue Farm,Blumenbrot,Bluna,BMS,Boboli,Bode Naturkost,Bodeta,Bodies,Body & Fit,Body Attack,Body IP,Body Love,Body Power,Body World Group,BodyChange,Bodylab24,Bodymass,Bodymed,BodyPlanet,Bodystar,Bodystuff,Boermarke,Bofrost,Bofrost Free,Bohlsener Mühle,Böhme,Böklunder,Bolero,Bolletje,Bolten,Bombbar,Bombus,Bona Vita,Bonaqa,BonAsia,Bonbel,Bonduelle,Bongrain,Bonifaz,Bonne Maman,Bönsel,Bonta Divina,Bonvalle,Bonvallis,Bonvita,Boom,Borchers,Bordeau Chesnel,Bördegold,Borggreve,Born,Börner Eisenacher,Bosch,Bösen,Bosselmann,Botterbloom,Bounty,Bourdin,Boursin,BPI Sports,BPN,Braineffect,Brandenburger ,BRANDGUT,Brändle,Brandt,Bratee,Brauhaus Tegernsee,Bree,Breisgaumilch,Breitunger ,BREKKY,Bremer Gewürzhandel,Brennecke,Bresso,Breyers,Brezelina,Bridelight,Brigitte Diät,Brimi,Brinker,Brinkers,Brinta,Brita Yource,British Style,Broderick's,Broicher Mühle,Brotgarten,Brothaus,Brotinsel,Brotland,Bruckmann,Brüggen,Brunch,Brunnthaler,Bruno Fischer,Bruno Gelato,BSN,Buah,Buchonia,Bucki,Budweiser,Buerger,Buff Bake,Buffbody,Bug Foundation,Buitoni,Buko,Bulk Powders,Bulls-Eye,Bulmers,Bundaberg,Burger,Bürger,Burger Knäcke,Burger Liebe,Burgis,Burkhardt,Burts,Büsch,Buss,Bussy Mix,Büsumer Feinkost,Butaris,Butcher's By Penny,Buttella,Buxtrade,BWF,Byodo
C.P. Sports,Cab,Cactus,Cadbury,Cadion,Cafet,Cailler,Cakees,Calendula,Callowfit,Callow's,Calvé,Camaletti,Cambozola,Camille Bloch,Campari,Campesino Feliz,Campina,Campioni,Campo Verde ,Campofrio,Campos,Canderel,Candies World,Caotina,Cape June ,Caprice des Dieux,Caprimo,Capri-Sonne,Captain Morgan,Carambar,Carboo4u,CarbZone,Caribbean Style,Carlotta,Carlsberg,Carne Diem ,Carolinen,Carpe Diem,Casa Deliziosa,Casa Fiesta,Casa Francesco,Casa Modena,Casa Pietra,Casa Rinaldi,Casali,Cascina Verdesole,Castelli,Castello,Catago,Cathedral City,Cavalier,Cavendish & Harvey,Cay,Cebe,Cedevita,Cefamagar,Celavita,Cellagon,Cellucor,Cenovis,Ceres,Champ,Chaokoh,ChariTea,Charlotte Eden,Chaumes,Chavroux,Chef Select & You,Chevrotele,Chi Wan,Chico,Chiefs,Chiemgauer,Chiemgauer Naturfleisch,Chimpanzee,China Gold,Chio,Chiquita,Chiron,Chivers,Chixxs,CHOC Fit,Choco Fun,Choco'la,Chocomel,Chovi,Christanell,Christians Grod,Christinen,Christis,Chtoura Garden,Chupa Chups,Ciao Carb,Cilly,Cinzano ,Cirio,Citterio,City Farming,Clarky's,Clarou,Clasen Basic,Clasen Bio ,Claudel,Clausthaler,Clean Foods,Clearspring,Clever Pasta,Clickos,Clif Bar,Cloetta,Club Mate,CMC,Coburger,Coca-Cola,Cock Brand,Coco Pro,Cocon,Cœur de Lion,Completeorganics,Confiserie Heidel,Conimex,Conower Jerky,Conquerbar,Consenza,Continental Bakeries,Convency,Cookie Bros ,Cool Diner,Coolback,Copack,Coppeneur,Coppenrath & Wiese,Cora,Coraya,Cornelius,Cornetto,Corny,Corona,Coroos,Costa,Cote D'or,Country Cakes,Crane,Cranzer,Creapan,Crest,Crispy Fantasy,Cristallo,Croky,Croustipate,Cruga,Crunchips,Cucina Nobile,Cuisa,Cuisinette,Culinaria,Culinessa,Cupito,Curtiriso,Cusina,CytoSport
Dafgards,Dahlhoff,Daily Kitchen,Daily Soup,Daim,Daiya,Dalana,Dallmann's,Dallmayr,Damhus,Damia,Dan Cake,Dana,Danforel,D'Angelo Pasta,Danieli,Danival,Danlee,Danone,Dar Vida,Darbo,Das Eis,Das Exquisite,Das Gesunde Plus,Dauner,Davert,David Rio,Davita,Day by Day,De Beukelaer,De Bron,De Cecco,De Niro,De Rit,De Ruijter,DeBeukelaer,Decathlon,Dedicated,Dedukas,Deit,Del Fiore,Del Monte,Delacre,Delamaris,Delba ,Deli Dip ,Deli Genuss,Deli Reform,Delibake,Delices de Kerloch,Delifrance,Delikat,Delikata,Delikatessa,Delimar,Delite,Della Mamma,Delser,Delta,Delvita,Delysoy,Demeter,Den Gamle Fabrik,Denja,Denner,Dennree,Der Beck,Der Grüne Altenburger,Der Meistermetzger,Der Norderneyer ,Dere,Dermaris,Dessert Manifattura,Destan,Deutschesee,De-Vau-Ge,Develey,Devinos,Dextro Energy,Di Mare,Di Vittorio,Diablo,Diadem,Diäko,Diamant,Diamond,Diana,Diasporal,Diätini,Dickmann's,Didden,Die Deichkäserei,Die Frischebox,Die Landwirte,Die Leckeren,Die leichte Muh,Die Nudl,die Ohne,Die Rostocker,Die Schnitzelmacher,Die Thüringer,Diebels,Diet Chef,Diet SKN ,Dietz,Dilek,Dinkel Max,Dirtea,Disney,Distelhäuser,Divella,Diyar,DM Bio,DM Mivolis,Döbbe,Döbelner,Doc Wang,Doc Weingart,Doctor's,Dodoni,Dolce Gusto,Dolcedi,Dole,Dolfin,Dölling,Dolmio,Domo,Domspitz,Don Alfonso,Don Enrico,Don Fernando,Donath,Donau Land,Doppelherz,Dörffler,Dorfmühle,Doritos,Dornseifer,Dörrwerk,Dorset Cereals,Dove,Dovgan,Dr Zak's,Dr. Almond,Dr. Antonio Martins,Dr. Balke,Dr. Budwig ,Dr. C. Soldan,Dr. Doerr,Dr. Goerg,Dr. Grandel,Dr. Groß,Dr. Karg,Dr. Metz,Dr. Munzinger,Dr. Oetker,Dr. Pape,Dr. Pepper,Dr. Quendt,Dr. Willi Knoll,Dr.Ritter,Dragon Superfoods,DRAI,Drei Spatzen,Dreistern,Drews,Drink Fit,Drink Soja So Lecker,Drünte,D's Naturals,Du darfst,Dukan,Dunkelpeter,Duplo,Durra,Dürrröhrsdorfer,Durstlöscher,Duru,Dymatize
Eagle Supps,EasiYo,Easy Meal,Eat Happy,Eat Me,Eat Natural,Eat Performance,Eat Real,Eat The Ball,Eatlean,Eberswalder,Ebly,Ebner,Echt Bio,Ecoland    ,EcoMil,Edamama,Edel,Edelmond,Edelweiss,Eden,Edubily,EfeFirat,Efepasa,Effect,Effective Nature,Effenberger,Efko,EFX,Egertaler,EGETÜRK,Egg,Eggelbusch,Egger,Eggy Food,Egle,Egon Basedahl,Ehresmann Schlemmerli,Ehrmann,Eichbaum,Eichetti,Eichkamp,Eidmann,Eifel,Eifeler,Eifix,Eigene Kreation,Einbecker,Eisbär,Eisblümerl,Eismann,Eisvogel ,Eiszeit Quell,Ekabe,El Almendro,El Gusto,El Origen,El Puente,Elbflorenz,Elbländer,Eldorado,Elephant ,Elfer,Elimba,Elinas,Elisabethen Quelle,Elite,ELO Frost,ElPozo,El-Salam,Elsdorfer,ELVIS EIS,Emcur,Emela,Em-Eukal,Emil Reimann,Emils,Emmi,Emsland ,Endori,Ener Bio,Enerbio,Energy Cake,Energy System,Energybody,ENGEL NUTRITION,Engelshof,Enjoy Free,Ensinger,Entremont,Erasco,Erbacher,Erciyes,Erdbär,Erdinger,Erdmann Hauser,Erdschwalbe,Ergüllü,Erlenbacher,Ermitage,Erntesegen,Erzurum,Es Schmeckt,Escoffier,Esko,ESN,ESP,Espanisimo,Esser,Estrella,Etelser,Ethiquable,ETI,Etorki,Eucell,Eurest,Eurosnack,Everydays,Evian,Evo Sports Fuel,Exotic Food,Explore Asian,Explore Cuisine,Exquisa,Extaler,Eyckeler Malt
F2 Full Force Nutrition,Fa Engineered Nutrition,Fabio's,Fabry's,Fage,Fair East,Fairmast,Fairtrade Original,Fallini Formaggi,Familia,Familie Wein,Fanta,Farm Freude,Farmer Gourmet,Farmer Naturals,Farmer's Fruit,Farmer's Snack,Farmersland,Farmland ,Farmländer ,FattBar,Fattoria La Vialla,Faust,Favorina,Favorit,Fazer,Febio,Fedora,Feel Good,Feinerlei,Feines nach Spanischer Art ,Feinfix,Feinkost Dittmann,Feinkost Kian,Feinkost Reich,Feinstoff,Feiny Biscuits,Fekoma,Feldliebe,Feldmann,Feldmühle,Feldschlösschen,Felicia Bio,Felix,Female Plus,Femeg,Feodora,Ferdi Fuchs,Ferrero,Fever-Tree,Figu Activ,Figura Norm,Filinchen,Final Nutrition,Findus,Fine Food ,Fine Life,Finest Bakery,Fini,Finkbeiner,Finn Crisp,Fior Di Pasta,Fiore Mio,Fisch vom Feld,Fischer,Fish & More,Fish Tales,Fisherman's Friend,Fit + Vital,Fit Crunch ,Fit For Fun,Fit Frutti,Fit Line,Fit Taste,Fitfoods,Fitini,Fitjoy,Fitline,Fitmart,Fitmeals,Fitness Authority,Fitness Foods,Fitnessguru,Fit'n'Female,Fitvia,Five Mills ,Flanders Best,Flapjacked,Flatout,Flav'n Tasty,Fleischer,Fleischerei Schäfer,Fleisch-Krone,Flensburger,Fleur Real,Flora,Floranutris,Florentin,Flores Farm,Florette,Florida Eis,Flötzinger,Flying Goose,Flying Horse,FOCO,Fol Epi,Followfish,Followfood,Fontaine,Fontanis,Fonzies,Food4champs,Foodeko,Foodist,Foodloose,Foodpunk,Foodspring,Foodster,Foodtastic,Forever,Forever Young,Formacent,FormMed,Formoline,Förstina,FortiFX,France,Frank Juice,Frank Soup,Franken Brunnen,Franken Korn,Frankenland,Frankonia,Frankys Bakery,Frantastique,Franziskaner,Fratelli Carli,Fratelli Parmigiani,Frau Antje,Frau Ultrafrisch,Freche Freunde,Freddi,Freia,Freiberger,Freiland Puten,Freixenet,Frenzel,Fresca D'oro ,Fresenius Kabi,Fresh & Free,Fresh Company,Fresh For You,Fresh Quality ,Fresh Sushi,Fresubin,Frey,Frey Nutrition,Frico,Fricopan,Friebel,Friesenkrone,Frifrench,Frigeo,Frigodan,Frija,Friki,Frikoni ,Frisan,Frisch Vital,Frische Brise,Frischeria,Frischgold,frischli,Frisia,Fritt,Fritz,Fritz Mühlenbäckerei,Friweika,Friya,Frödinge,Fromani,Fronhoffs,Frooggies,Frosta,Frostkauf,Frostkrone,Frozen Power,Frubiase,Frucade,FruchtBar,Fruchtland,Früh,Fruitopia,Fruity,Frusano ,Fruttis,Fruty,FSA,fTrace,Fuchs,Fuego,Fulfil,Fulya,Fumagalli,funny-frisch,Fürst Bismarck ,Fürstenberg,Fuzetea
G.A. Müller,GABER,Gadeschi,Gaea,Gaensefurther,Gaffel,Gaggli,Ga-Jol,Galbani,Galler,Gangstarella,Ganic,Gannikus,Gardein,Garden Gourmet,Garden of Life,Gartenfrisch Jung,Gaspari Nutrition ,Gastro ,Gatorade,Gavrilovic,Gazi,Geeta's,Geflügelhof,Gefro,GEHE Balance,Geiping,Geisha,Geka,Gelato Classico,Gelderland,Gelima,General Mills,Genetic Nutrition ,Genuss Plus,Genuss Pur,Genuss Welt,Gepa,Gepp's,Géramont,Gerber,GERMES,Germeta,Gerolsteiner,Gerri,Gerstacker,Gervais,Gesund Leben,Get Raw,Geti Wilba,Gewiko,Giacobbe,Giacomo,Giaguaro,Giardino,Giersch,Giesecke,Gildo Rachelli,Gilgens,Gille,Giobio,Giotto,Giovanni Ferrari ,Giovanni Rana,Girone,Gittis,Glaceau,Gläserne Molkerei,Glashäger,Glico,Glocken Bäckerei,Glocken Gold,Glocken-Beune,Gloria,Glow25,Glück,Glücksklee,Glutano,Gmyrek,GN Laboratories,GO FITNESS,Go Max Go,Go On Nutrition,Go Pure,Göbber,Godiva,Goeken Backen,Gold Berry,Gold Meat,Gold Ochsen,Gold Puder,Golden BRIDGE,Golden Cheese,Golden Crown,Golden Farm,Golden Peanut,Golden Toast,Golden Turtle Brand,Goldkorn,Goldmännchen,Goldmarie,GOLD'S GYM NUTRITION,Goldsam,Goldsteig,Golssener,GÖNRGY,GoNutrition,Good Choice,Goodlife,Goplana,Gorbatschow,Gosch,Gösser,Got7,Göteborgs,Gottena,Gouda's Glorie,Goufrais,Gourmandor,Gourmet Finest Cuisine,Gourmet Fruits de Mer,Gourmet Geflügel,Gourmet Genuss,Gourmet Selection,Goutier,Goutina,Govinda,Grabower,Grace,Graf Metternich,Grafschafter,Granforno,Granini,Granola,granoVita,Grashoff,Grasmehr,GREATVITA,Greco,Green Cola,Green Heart,Green Mountain,Greenforce,Greenic,Greenlegend,Greenorganics,Greifen Fleisch,Grell Naturkost,Grenade,Greußener,Griesson,Grill Party,Grill Zeit,Grillido ,Grimminger,Grissitalia,Grizzly Snacks,Grocholl,Grokj,Groksi,Grolsch,Gropper,Gross,Große Kintrup,Growing Naturals,Grumbacher,Grünfink,GrünGold,Grünhof,Gruninger,Grünländer,GÜ,Gubafish ,Gubor,Gugel,Guinness,Gulden Krakeling,Gummibärenland,Gunz,Gusparo,Gustavo Gusto,Gusteria,Gustino,Gusto Italiano,Gustoland,Gustoni,Güstrower Schlossquell,Gut & Gerne,Gut Forstenau,Gut von Holstein,Gut Wiehe,Gut Wudelstein,Gute Deutsche Küche,Gutena,Gutes aus der Bäckerei,Gutes aus der Eifel,Gutes aus der Region,Gutfried,Gutmann,Gutsmuehle,Gutstetten,Guylian,Gym Nutrition,GymPro,Gymqueen 
Häagen-Dazs,Habbys,Hachez,Hack,Hacker-Pschorr,Hackplus,Haeberlein-Metzger,Hafervoll,Hahne,Hainich,HAK,Hakubaku,Halberstädter,Haldiram's,Hallbauer,Halloren,Halo Top,Hamfelder Hof,Hamker,Hammermühle,Hampton Farms,Handl Tyrol,Händlmaier's,HANDS OFF MY CHOCOLATE,Hanf Natur,Hanfoo,Hanfwerk,Hanna,Hanoju,Hans,Hansa X Sport,Hansano,Hanse Wappen,Hansepharm,Hanuko,hanuta,Happy Cashew,Happy Cheeze,Happy Coco,Happy Drink,Happy Food,Happy Harvest,Happy Sweets ,Hardegger,hareico,Haribo,Harms,Harries,Harrisons,Harry,Harvest Best,Harvest Moon,Harvest Republic,Harzbube,Harzer,Harzer Bergbrunnen,Harzer Grauhof,Harzinger,Haselherz,Hasseröder,hassia,Hatting,Hauchfein,Haval Grill,Havana Club,Haverland,Havita,Hawesta,Haydi,hCGC,Healthy Boy Brand,Hech,Hedi,Hegering,Heichelheimer,Heidecksburger,Heidemark,Heilemann Confiserie,Heimart,Heimatgut,Heimatland,Heimatsmühle,Heimfrost,HEIN,Heineken,Heinerle,Heinersdorfer,Heine's,Heinrich Stumpf,Heinrichsthaler,Heinz,Heinzelmann,Heiploeg,Heirler,HEJ Nutrition,Hela,Helador,Helbing,Helden,Hella,Hellema,Hellma,Hellmann's,Hello Kitty,Hello Taste,Hellriegel,HEMA,Hemme Milch,Henderson And Sons,Henglein,Hengstenberg,Henkelmann,HENRI WILLIG,Hensel,Herbalife,Hereford,Hermann,Hero,Herr Edelmann,Herren Hof,Herrmann von der Alb,Hershey's,Herta,Herz König,Herzberger,Herzgut,Hesse,Hi Tec Nutrition,Hierl,High5,Hilcona,Hipp,Hirsch,Hitchcock,Hitschler,Hobelz,Hochland,Hochwald,Hoenen,Hoepfner,Hof Knüllbach,Hofglück,Hofgut,Hofgut Storzeln,Hofküche,Hofladen,Hofmann Menue,Hofmark,Hofmeister,Hofmolkerei Dehlwes,Hofpfisterei,Hofstädter,Höhenrainer,Hohes C,Holger,Höll,Holland Brot,Hollands Best,Holle,HOLO,Holsteiner Putenräucherei,Holsten,Holsten Mühle,HOMA,HomaGold,Homann,Honest,Honest Nutrition,HOPE,Hopf,Hoppe,Horeca,Höreder Beck,Hosan,Hosselmann,Hosta,Hostess,Houdek,HoWe,Hoyer,HP,Huber Mühle,Hubers,Hübner ,Huel,Huercasa,HUG,Hühnerhof Heidegold,Huls,Hülsenreich,Humana,Hümmlinger,Huober,Hussel,Hustin,Hütthaler,Huttwiler,Huxol
I AM,I Due Fratelli,Ibero,iBi,IBIS,Ibons,Ice Cream United,Ice Date,Ice Storm,Iceland Seafood,Icewind,iChoc,Iglo,Igor,Ihle,Iimono,Ikea,Ikroff,Il Nutrimento,Ileburger,Ilmenauer,Im Nu,Immergut,Incarom,Indiana Jerky,Indomie,Indonesia,Injoy,Inkospor,INLICO,Innocent,InnoNature,Inproba,Inspiral,Insumed,Intact,Inter Bakery,International Collection,Inzersdorfer,Ireco,Iris,Irish Land,IronMaxx,Isaac,Isagenix,Isey,Iska,Islos,Isola Bio,Isostar,ISS,Istara,Italia,Italissimo,Ita-San,Itikat
Ja!,JabuVit,Jack Daniel's,Jack Link's,Jack's,Jacky F.,Jacobs,Jacoby,Jacquet,Jadira,Jaffa,Jäger,Jägermeister,Jahnke,Jana,Jannis,Jaus ,Jawo,Jaxs,Jeff's,Jelly Belly,Jensen's,Jentschura,Jeremias,Jermi,Jérôme ,Jesuiten Quelle,Jever,Jif,Jim Beam,Jimini's,Jimmy Joy,Jive,Jochen Schweizer,Joe Clever,Johma,John West,Jojo's,Joker,Jokolade,Jola,Jolly Time,Jomo,Jongga,Jooti,Jordans,JoSushi,Joy.Foods,Joya,Joybräu,Joyce,Joylent,Juffinger,Juice Plus,Julimond,Jürgen Ingwersen,Jürgen Langbein,Jusano,Just Spices,Just Taste,Justus Brunnen,Jütro
K&U,Kaba,Käfer,Kägi,Kaiser,Kaiserwappen,Kajnok,Kale & Me,Kallavi,Kalnik,Kamar Halal Food,Kambly,Kampsen,Kandi ,Kanne,Käpplein Bio,Kapuziner,Karacho,Karamalz,Karin Lang Agava,Karina,Karls,Karlsberg,Karnerta,Kärntnermilch,Kartoffelland,Karwendel,Käse Lehmann,Käse Rebellen,Käsehof,Käserei Champignon,Käsewerk,Kastell,Kastner,Kathi,Katjes,Katlenburger,KATO,Kattus,Katz,Kavli,Keim,Keimster,Kelles,Kellogg's,Keltenhof,Kemm,Kemper,Kerem,Kerry,Kerrygold,KETOFABRIK,KetoUp,Kettle Chips,Keunecke,KEWPIE,Khao Shong,Kicos,Kiebitzhof,Kikkoman,Kiliansbäck,Kilkenny,Kinder,Kinella,King Cuisine,King Soba,Kinkartz,Kips,Kiri,Kissyo,Kitchen Joy,KitKat,Kiwa,Kiwikawa,Klaas + Pitsch,Kleehof,Kleinemas,Kleiner Feigling,Kleiner Kauf,Klein's Backstube,Klene,Klindworth,Klosterfrau,Klümper,Kluth,Knack & Back,Knalle,Kneipp,Knirps,Knödelkult,Knorr,Knusperli,Koawach,Köbmanden,Koch's,Koenig,Köhler,Kohrener Landmolkerei,Koko Dairy Free,Kolding,Kölln,Kölner,Komet,Kondrauer,Könecke,König Ludwig,König Otto Sprudel,König Pilsener,Königshofer,Konti,Konzelmann's,Kookie Cat,Körfez,Kornblume,Korngabe,Kornland,Kornmark,Koro ,Koro Drogerie ,Korovka,Körperkraft,Koska,Köstritzer,Köthener,Koupe,Köytad,Kpi Kpi,Kraft,Kraftling,Krakus,Kras,Krause Meat,Krebaer Nusswerk,Kri Kri,Krini,Krombacher,Krone Fisch,Kronenbrot,Kronenland,Krüger,Krügerol,Krumbach,Krustino,Kübler,Küchenbrüder ,Küchenmeister,Küchle,Küfa,Kuhbonbon,Kühlmann,Kuhlmann's Hof,Kühne,Kulau,Kuljanka,Kulmbacher,Kumpf,Kunella Feinkost,Kuner,Künzler,Küper,Kupfer,Kurfürst,Küstengold ,Küstenland,Kutzer
L&S,La Belle Laitiere,La Bio Idea,La Comtesse,La Costena,La Doria,La Fluet,La Miranda,La Nouba,La Paloma,La Perla,La Sienna,La Vache Qui Rit,La Viva,Labertaler ,Labeyrie,Lackmann,Lacroix,Lactowell,Läkerol,Lakomka,Lakrids,Lambertz,Landana,Landbäckerei,Landbeck,Landfreund,Landgarten,Landgeflügel,Landgut Weidenhof,Landhof,Landkost,Landkrone,Landliebe,Landlob,Landmahlzeit,Landora,Landskron,Landur,Langewiesche,Langnese,Laoganma,Larco,Larsen,Laru,Las Cuarenta,Laschinger,LaSelva,Lasovli,Lätta,Lattesso,Latzimas,Laudatio,Lauenstein,Laurentius,Lausitzer,Lavazza,LaVita,LaViva,LAWA,Layenberger,Lay's,Lazzaretti,LCW,Le Garcon,Le Moulin du Pivert,Le Pecheur,Le Picoreur,Le Rustique,Le Tartare,Lebe Gesund,Lebensbaum,Lebepur,Lebkuchen Schmidt,Lechauer,Lecker Burger,Lecker Lausitz,Leckermäulchen,Lee Kum Kee,Leeb Vital,Leerdammer,Leffe,LeHa,Leibniz,Leicht & Cross,Leichte Welle,Leimer,Lekker & Anders,Lemberg,Lemonaid,Lenas Küche,Lenny & Larry's,Leo Lausemaus,Leone,Leonie,Lero Food,Lesmona,Leuchtenberg,Leverno,Leysieffer,Leziz,L'herbivore,Liakada,Libby's,Libella,Licher,Lichtenauer,Licorne,Liebhart's,Lieken Urkorn,Lieler,Lien Ying,Lifefood,Lifeplus ,Lift,Light Live,Lihn,Like Home,Like Meat,Lila Bäcker,Lima,Limito,Lindauer,Lindavia,Lindt,Linea Natura,Linea Rousso,Lineavi,Linis Bites,Linkosuo,Linusit,Lipperland,Lipton,Lisa's,Little Lunch,Livefresh,Livio,Livi's,Lizi's Granola,Lizza,Llid,Loacker,Lobetaler Bio,Lobo,Löffler ,Lomee,Lonka,Loose,Lorado,Lord of Tofu,Lorenz,Loscher,Löschzwerg,Lotao ,Lotus,Louis d'Or,Love Raw,Lovechock,Low Carb Shop,Löwenanteil,Löwenbräu,Löwensenf,Lowicz,LR,LSP ,LU,Lubs,Lübzer,Luccese,Lucky Joe,Ludwig's,Ludwigsluster,Lufthansa,Lukull,Lunch'N'Go,Lünebest,Lupinesse,Lütauer,Lutece,Lutosa,Lutti,Lütts,Lutz,Luvat,Luxlait,Luxofit,Lycka,Lys Bleu,Lysell
M Classic,M&M's,Mackays,Made Good,Made With Luve,Madej Wrobel,Madness Nutrition,Maestrani,Maggi,Magic Man,Magija,Magnum,Magnus,Mago,Maier,Maille,Maintal,Maisel's,Maisterei,Maiswurm,Maitre,Maitre Pierre,Maitre Truffout,Makecake,MAKFA,Makri,Malaco,Malatya Pazari,Malbuner,Malibu ,Maltesers,Malzers,MAMA,Mamma Lucia,Mamminger,Mammut,Manako,Mandara,Mangaroca,Manilife,Manner,Manz,MAOAM,Marabou,Maram,Marbello,Mare Seafood,Maretti,Margon,Marhaba,Marinus,Mark Brandenburg,Märker,Märkisch Kristall,Märkische Landfleischerei,Märkisches Landbrot,Marko,Marks & Spencer,Marmetube,Mars,Märschimport,Marschland,Marten,Martin Evers Naturkost,Martini,Maryland,Marziale,Mask,Maskelmän,Massimo,Materne,Matilde,Matilde Vicenzi,Matiss,Matsu,Matthies,Mattoni,Mauritius,Mautner Markhof,MAX,Max & Moritz Feinkost,Max Prep,Max Tofu,Maxi Nutrition,Maxim,Maximuscle,Maxsport ,Mayka,Mayo Feinkost,Maza,Mazola,Mazzetti,M'candy,McCain,McVities ,Mea Vita,Meandros,Meatless Farm,Meckatzer ,Mecklenburger Backstuben,Mecklenburger Küche,Mecklenburger Landpute,Medusa,Meereslust,Meetlyke,Megamax,MegaSlim ,Meggle,Mehlig & Heller,Meica,Meienburg,Meigo,Mein Berger Schinken,Mein Menü,Mein Q,Meine Käsetheke,Meine Kuchen Welt,Meine Mahlzeit,Meininger,Meint,Meister,Meister Moulin,Meister Stück ,Meisterklasse,Meisterland,Meister's Bautzen,Mekkafood,Melicena,Melitta,Melkan ,Melkunie,Meller,Melro's Best,Melvit,Menge,Menken,Mennel,Men's Health,Mentos,Menzi,Meray,Merba,Merci,Meridian,Merl,Mertenbach,Mertinger Milchhof,Merzenich,Merziger,Meßmer,Mestemacher,Metaflow ,Metax,METAXAS,METRO Chef,MET-Rx,Metten,Metzger,Mevgal,Mexma,Meyer Menü,Mida's,Midi,Midland ,Midor,Mikado,Mike's Sandwich,Mila,Milasan,Milford,Milk PRO,Milka,Milkana,Milky Way,Milram,Milsy,Milupa,Minderleinsmühle,Mineau,Ming Chu,MinusL,Minute Maid,Minutenbrot,Mio,Mio Mio,Mirabell,Miracel Whip,Mirácoli,miree,Mirinda,Mischau,Mission More,Mississippi,Mister Wraps ,Misura,Mituso,Miyako Japan,Miyata,Mlekovita,Mlekpol,Modifast,Mogyi,Moin Bio,Molenaartje,Molenland,Molinari,Molla,Möller,Momami,Mon Chéri,Mönchshof,Mondamin,Mondarella,Mondo Italiano,Monin,Monki,MONO MORE,Monolith,Monster,Montorsi,Montosa,Mora,More Nutrition ,MorgenLand,Morinaga,Moritz,Moritz Fiege,Morliny,Moser,Mosna,Moss,MOU,Mount Momami,Mountain Dew,Mövenpick,Möwe,Mr Organic,Mr. Big,Mr. Brown,Mr. Brownie,Mr. Chicken,Mr. Fix,Mr. Knabbits,Mr. Lowcarb,Mr. Min,Mr. Wraps,MSC,MSDM,MTR,Muehlenhof,MUH,Mühlenbrink,Mühlhäuser,Muh-Muhs,Mulino Bianco,Müller,Müller Fleisch,Müller’s Mühle,Müller's,Müller's Hausmacher Wurst,Multaben,Multan,Multi12,Multi-Food,Multipower,Mumm,Mundfein,Mundo,Münsterland,Munzert,Münzner,Müritzer,Musclefood,MuscleMeds,MusclePharm,MuscleTech,Müsliglück,Mutant,Mutters Beste,Mutters Feinstes,Mutti,My Chipsbox,My Line,My Love My Life,My Muesli,My Raw Joy,My Street Food,My Supps,MyChoco,Mydeli,Myline,Mylos,Myprotein,Myvegan
Na Bio,Naarmann,Nadler,Naduria,NAFA,Nagel,Nakd,Naked,Nannak,Näno Supps,Napoli,Nappo,Nasch,Nasze Smaki,Natreen,Natsu,Natumi,Natur Aktiv,Natur Compagnie,Natur Total,Natur Werk,Natur Wert,Natura,Naturacereal,Natural Cool,Natural Mojo,Natural Treasures,Naturata,Naturbursche,Nature Addicts,Nature Gourmet,Nature Valley,Naturella,Nature's Best,Naturis,Naturkind,Naturkorn Mühle,Naturland,Naturli,Natürlich für Uns,Naturmühle,Naturpura,Naturya,Naughty Nuts,Naumburger,Nautica,Nawarra,Negroni,Neni,Neoh,Neosupps,Nescafe,Nespresso,Nesquik,Nestea,Nestle,Neuburger,Neuform,Neukircher,Neumarkter Lammsbräu ,Neu's,Neuseeland,Nevella,New Leaf,New World Gourmet ,Nibble Time ,Nick,Nick's,Nico Frisch,Nicola Sautter,Nicolait,Niederegger,Niehaves,Niemetz,Nierstaler,Nietfeld,Nijhuis,Niklas,Nimm2,Nippon,Nissin,Nixe,No Fairytales,No Meat,No Sugar Sugar,No Wonder,NOA,N'oats,NOCCO,Noliko,Nölke,Nöm,Nomo,Nomoo,Nong Shim,Nora,Norcrisp,Nord Fresh,Norda,Nordbräu,Norderland,Nordfrost,Nordgut,Nordisch ,Nordthy,Nordzucker,Norfisk Delikatessen ,Nörten-Hardenberger,Nostja,Nothwang,Notos,Novo,Novox,Now,Nowka,NP Nutrition,Nu+pro,Nu3,Nucao,Nudelglück,Nudelhof,Nudossi,NUFOC,Nuii,Numove,Nur Hier,Nur Nur Natur,Nur Puur,Nürburg Quelle,Nussfrucht,Nutella,Nutisal,Nutoka,Nutrabolics,Nutralinea,Nutramino,Nutrend,Nutri,Nutri Plus,Nutricia,Nutriful,Nutrilite,NutrinaX,Nutripur,Nutrition Discount,Nutrition Technology,Nutriverde,Nutrixxion,Nuts'n More,Nutwork
Oat King,Oatein,Oatly,OatSnack,Oatsome,Obela,Obento,Obersteirische Molkerei,Obstland,Ocean Spray,Ocean Streamer,Octa,Odenwald,Odenwald Quelle,Odenwälder Kochkäserei,Oderfrucht,Odin Seafoods,Odina,Oebel,Oettinger,Offset,O'Grady,Oh So Lecker,Oh Yeah!,Oil & Vinegar,Ok,Okay,OKF,Ökoland,Ökovital,Olay,Old Amsterdam,Old El Paso,Old School Protein,Oldenburg,Olimp,Olivanos,Oliver,Olivers,Ölmühle Hartmann,Ölmühle Solling,Olympus,Ölz,Olza,OMA,ÖMA Beer GMBH,Oma Josefine,Ombar,Omira,Omnimax,O-Mochi,Ömür,Öncü,One Nature,Onken,Onko,Oppacher,Oppo,Optifast,Optigal,Optimel,Optimum Nutrition,Optiwell,Orbit,Oreo,Orgainic,Organic Alpha,Organic Farm ,Organic Food Bar,Organic Workout,Orgran,Orient Gourmet,Original Beans,Original Dänisch,Orion,ORO di Parma,Orthomol,Oryza,Osborne,Osem,Oskri,Oster Phantasie,Osterland,Ostmann,Ostsee Fisch,Ovivo Slim,Ovomaltine ,Öztürk,Özyörem
P&W,Packlhof,Pagen,Pago,Pahmeyer,Palace,Paladin,Palapa,Palatina,Palatum,Paldo,Palirria,Palmin,Paloma,Pamela Reif,Pan do Mar,Panealba,Panifactum,Panificio Italiano Veritas,Papa Türk,Papagena,Pappert,Parlasca,Parma,Parmalat,Pascal & Ernest,Pasta Nuova,Pasta Revilo,Pasta Romana,Patak's,Patisserie,Patros,Paudar,Paul Braun,Paul Heumann,Paulaner,Paul's Finest,Paulsen,Pauly,Pavesi,Päx,PB2,PBN,PCD,Pea,Peaceful Delicious,Peak,Pearl River Bridge,Peas Of Heaven,Pectoral,Peeneland,Peeroton,Peijnenburg,Pema,Penotti,Pepperidge Farm,Pepsi,Pere Eugene,Pere Michel,Performance,Perla,Perlenbacher,Pernod Ricard,Perugina,Peter & Paul,Peters,Peterstaler,Petrella,Petrusquelle,Pewe,Pez,Pfanner,Pfanni,Pfennigs,Pfister,Pflaum's,Pfungstädter,Pharmasports,PhD,Philadelphia,Piacelli,Piasten,Piątnica,Picanto,Pick,Pick a Pea ,Pickenpack,Pickerd,Pico Food ,Pieper,Pilsner Urquell,Pilz Krone,Pinar,Pinguin,Piowald,Pittjes,Piyale,Pizza Lorenzo,PJUR,Plamil,Plan B,Planet Meat,Planet Nature,Planet Plant-Based,Planet V,Planted,PNC-Europe,Poco Loco,Podravka,Poensgen,Polarbröd,Pöllinger,Polpinha,Pölz,POM,Pom-Bär,Pomito,Pommernland,Pomps,Ponnath,Ponthier,Ponti,Pook,Popp,Poppenburger,Poppies,Possmann,Pott's,Power Horse,Power Point ,Power Slim,Power System,Powerade,PowerBar,PowerMan,Powerstar,Powertec,PPURA,PRAKTISCH FERTIG,Prato Belli,Praum,Preiss,Premier Protein,Premios,Premium,Président,Pressbar,Prestige,Prima,Prima Menü,Prima Well,Primal State ,Primalife,PrimeMeals,Pringles,Pro Bar,Pro Delight,Pro Muscle,Probios,Probody,Profi,Profuel,Projo,Prolaterre,ProLife,Propercorn,Pro-Sana,Prosport,ProSupps,Protami ,Protero,Protly,Provamel,Proviand,Proviant Berlin,ProVista,ProVital,Prozis,Prümtaler,Prünte,PTC,Puddis,Pudliszki,Pulmoll,Pulsin,Pumperlgsund,Pumpfood,Punica,PUR,Pur YA!,Pura Natura,Pural,Purasana,Purazell,Pure,Pure Juice,Pure One,Purmacherei,Putepur,Puttkammer,Pyraser
Qi2,Qizini,QNT,Quadriga,Quaker,Quality Bakers,Quantum Leap Fitness,Quarki,Quarkwerk,Quäse,Quely,Quest Nutrition,Quick Vit,Quin Bite,Quint,Quisit,Quorn
Raab Vitalfood,RABEKO,Rabenhorst,Raccoon,Radatz,Radeberger,Radolf,Raffaello,Rainbow Jewels,Rainforest Foods,Rajah,Rama,Ramazzotti,Rambol,Rapp,Rappen,Rapsgold,Rapso,Rapunzel,Rasting,Rätzel,Rauch ,Rausch,Ravellis,Ravensberger,Raw Bite,Rawganic,Ready to Eat,Real Hausbäckerei,Real Thai,Rebel Kitchen,Rebelicious,Reber,Recla,Red Band,Red Bull,Reduxan,Reese's,Reeva,Reflex,REHM,Reichardt,Reign,Reiner-Maria,Reinert,Reis-fit,Reishunger,Reissdorf,Relentless,Remia,Remiga,Rennsteig,Renuka,Rettergut,Reuter,Revolutions,Rexim,Rheila,Rheinbrot,Rheinfels Quelle,Rheinperle,Rhino's,Rhodius,Rhön Sprudel,Rians,Ribeira,Rice Cream,Rice Up,Ricefield,Rich,Richter,Ricola,Riegelein,Riemerschmid,Riesa,Rigoni di Asiago,Rilchinger,Rinatura Bio,Ringana,Riniel,Rio Bravo,Rio Mare,Rio Plata,Rioba,Risbellis ,Riso Gallo,Ritter Sport,Ritz,Rivella,River Valley,Rixdorfer,Robby Bubble,Robert Irvine,Roberto,ROC Sports,Rocher,Rocka Nutrition,Rockstar,Rocky,Rodeo,Roggenkamp Organics,Roland ,Roleski,Roma,Romance,Römerquelle,Römerwall,Romy,Ronnie Coleman,Roobar,Rookies,Rosbacher,Rose,Rosengarten,Rosenmehl,Rösner,Rossmann,Rotbäckchen ,Rothaus,Rotkäppchen,Rotstern,Rottaler Milchquell,Rougette,Royal Family,Royal Flavour,Royal Greenland,Royal Thai,Rubicon,Rücker,Rude Health,RUF,Rügen Feinkost,Rügen Juwel,Rügener,Rügenfisch,Rügen-Krone,Rügenwalder Mühle,Rügenwalder Spezialitäten,Rühls Bestes,Rüma,Rümke,RUMMO,Runtime,Rupp,Ruschin,Rustlers,Rutz,Ruut
S&B,Sabita,Sabra,Sachia,Sachsenkrone,Sachsenland,Sachsenmilch,Sachsenobst,Saclà,Sadex,Sadia,Saeby,Safos,Saftig,Saint Albray,Sakir,Salagusto,Salakis,Salatkönig,Saliter,Salitos,Sallos,Salmix,Salomon,Salus,Salvita,Salvus,Salzbrenner,Salzburg Milch,Salzburg Schokolade,Samba,Samlip,Sammy's,Samyang,San Benedetto,San Marco,San Pellegrino,San Sebastiano,Sanaponte,Sanatura,Sanchon,Sanct Bernhard,Sanella,Sangrita,Sanobub,Sanotact,Santa Maria,Sanwald,Saphir,Sapros,Sargona,Sarotti,Saturo,Sau'cee,Sauels,Saupiquet,Sawi,Schäfer's,Schamel,Schani,SchapfenMühle,Schär,Schärdinger,Scharnis,Schell,Schinkenspicker,Schirnhofer,Schlagfix,Schlank Im Schlaf,Schleizer,Schlemmerland ,Schlichting,Schlierbacher,Schloss Göhrde,Schloss Quelle,Schloss Sommerau,Schluckwerder,Schlütter,Schmälzle,Schmitz,Schneekoppe,Schneemann,Schneider,Schneider Weisse,Schnitzer,Schock's ,Schöfferhofer,Scho-Ka-Kola,Schöller,Schollin,Schrozberger,Schubert,Schulte,Schulte & Sohn,Schulte Feingebäck,Schulte's,Schultz & König,Schwälbchen,Schwamm,Schwarmstedter,Schwartau,Schwarz Cranz,Schwarzbach Feinkost,Schwarzbräu,Schwarzwald Sprudel,Schwarzwaldhof,Schwarzwaldmilch,Schwedengebäck,Schweitzers,Schweppes,Schwermer,Schwinn,Schwip Schwap,Schwollener,Schypke,Scitec Nutrition,Scotti,Sea Bear,Sea Castle,Sea Fresh,Sea Side,Seafood,Sealuxe,Sebahat,Seebacher,Seeberger,Seedheart,Seefisch,Sehne,Seidel,Seiden Scheiben,Seitenbacher,Seitz,Selam,Select Horeca,Selga,Sellmer,Semper,Sempio,Senfter,Senseo,Sera,Seraph,Seraphos,SERENO,Servero,Servisa,Sesamstraße ,Settele,Sevenhills,Sexergy,Shanoo,Shape Noodles,Shape Republic,Shape World,Share,Sharwoods,Sheko,Shileo,Shinjyo,Shisu,Shoi,Shokomonk,Sickendiek ,Siebenstern,Sieber,Siebrecht,Siegersdorfer,Sigdal,Sigurdsson,SilaVit,SilberQuelle,Silenca,Simmler,Simon,Simply Keto,Simply Raw,Simply Sunny,Simply V,Sinalco,Sinnack,Sinob,Sinziger,Sipahh,Sirtakis,SIS,SK Meat,Skare,Skipper,Skippy,Skittles,Slendier,Slim System,Slim.Fast,Slimmm,Smanta,Smarties,Smirnoff,Smiths,SMO,Snack A Jacks,Snack Factory,Snack Fun,Snack It,Snack Master,Snackline,Snapple,Snaq Fabriq,Snatt's,Snickers,Snyder's,So Fine,Söbbeke,Sobo Naturkost,Socas,Sockeye,SodaStream ,Sodenthaler,Södergärden,Sofko,Soignon,Sojade,Sojafarm,Sojami,Sojola,Sol&Mar,Solano,SOLESS,Soletti ,Solpuro,Somersby,Sommer,Sonja,Sonko,Sonnen Bassermann,Sonnen Grün,Sonnentau,Sonnentor,Sonnige Ernte,Sontner,Sorensens,Sorger,Sori,Sortett,Soto,Soulfood,Southern Comfort,Soyana,Soyananda,Soyatoo,SOYUM,Spacies,Sparmahl,Spaten,SPC Nature's Finest,Specht,Spezi,Spielberger,Spinnrad,Spitz,Sponser,Spooning Cookie Dough ,Sportnahrung,Sports Factory,Sports Line Champ,Spreadcella,Spreequell,Spreewaffel,Spreewald Königin,Spreewälder,Spreewald-Feldmann,Spreewaldhof,Spreewaldrabe,Sprehe,Spreke,Sprengel,Spring Happiness,Sprite,Spunk,Squbes,Squeezy,SRS,SRS Muscle,St. Dalfour,St.Mang,Stabinger,Stacker 2,Stainzer,Star Cake,Star Nutrition,Starfrost,Stark,Starke Bäcker ,Stastnik,Stauder,Staud's,Steinecke,Steiner Food,Steinfelder,Steinhauer,Steinhaus ,Steinsieker,Stengel Bio,Stenger,Stereo,Sternburg,Sternenfair ,Sternquell,Sterzing Vipiteno,Steviola,Stieffenhofer,Stiratini,Stockmeyer,Stolle,Stollenwerk,Stollwerck,Stolze,Stölzel,Storck,Störtebeker,Streich-Mühle,Strengthfood,Striegistaler Zwerge,Stritzinger,Strive,Ströck,Strongbow,Strothmann,Struik,Strunz,Stührk,Suchard,Sucofin,Südalpe,Südmilch,Südzucker,Suempol,Sugarbabes,Sukrin,Sula,Sultan,Sultana,Summerfield,Sun Baby,Sun Lolly,Sun Maid ,Sun Rice,Sunday Natural ,Sunflower Family ,Sunkist,Sunlife,Sünner,Sunny Island,Sunny Via,Sunquick ,Sunshine Fruit,Sunsweet,Suntat,Suntjens Candyland,Suntree,Sunwarrior,Suppenglück,Supperia,Supplement Union,Supplify,Supreme,Supreme Protein,Sushicircle,Süssli,Sütdiyari,Sutter,Sütüm,Svadesha,Svalya,Svanso,SVEN JACK,Svenssons,Swarm,Sweet Creams,Sweet Family,Sweet Kitcen,Sweet Smile,Sweet William,Swing,Swiss Delice,Swiss Miss,Swiss Premium,Switzerland,Swizzels,Syglabs,Sylter,Syntrax,Sywan
Tabaluga,Tacken,Tadim,Tahedl,Tai Shan,Taifun,Take Eat Free,Take Off,Take Shape,Takis,Takovo,Tamara,Tamtürk,Tann,Tannenhof,Tantrum,Tarczynski,Tarpa,Tartex,Tassimo,Taste Nature,Taste Nirvana,Taste of British Isles,Taste Of Nature,Tasty Bite,Tat,Tavarlin,Taxofit,Tchibo,Tea Gschwendner,Teehaus,Teekanne,Teinacher,Tekbir Kesim,Tekrum,Tello Fix,Tempehmanufaktur,Terbuyken,Terme Di Crodo,Ternäben,Terra,Terra Nova,Terra Vegane,Terrasana,TerraSuisse,Terre di Puglia,Tesoros del Sur,Testoplex,Tetesept,Teufels Küche,Teutoburger,Teutoburger Ölmühle,Thai Chef ,Thai Dancer,Thai Pride,THALHEIMER BAUERNWURST,The 4 Bakers,The Beginnings,The Coconut Collaborative,The Force,The Frozen Butcher,The Grown Up Chocolate Company,The House Of Rice,The Meat Makers ,The Protein Ball Co.,The Protein Works,The Vegan Cow,The Vegetarian Butcher,Thermomix,Thise,Thoks,Thomas Henry,Thomas Kurz,Thomy,Thonke,Three Coconut Tree,Thüringer,Thüringer Land,Thüringer Landgarten,Thüringer Landstolz,Thüringer Waldquell,Thurländer,Ti,Tic Tac,Tiko,Tilbury,Tilda,Tillman's,Timbu,TINDLE,TINE,Tirol Milch,Tivoli,TLN,TNT,Toblerone,Toffifee,Tofu Life,Tofurky,TOFUTOWN,Tofutti,Toms,Toni Kaiser,Tönissteiner,Tonnino,Tonoli,Tony's Chocolonely,Too Good,Top Mare,Top Sea,Topfruits,Torney,Torras,Tortissima,Tosya,Tradewinds,Trafo,Transgourmet,Trato,Traugott Simon,Trawler's Catch,Trec Nutrition ,Treets,Treiber Tofu,Trek,Trenker,Trentin,Tress,Tress Brüder,Tressini,Tri Top,Tribe,Trimex,Tri-O-Plex,Trolli,Tropicai,Tropicana,Trosdorfer Landbäckerei,TRS,Trudella,True Fruits,Truly Indian,Trumpf,Tuc,Tucher,Tuffi,Tukan,Tukas,Tulip,Tulipans,Turm,Tut Gut,Twix,Twizzlers,Tymbark,Tyrrells
Uelzena,Ülker,Ulmer,Ultimate Nutrition,ültje,Ultra Sports,Ultra-Tec,Uludag,Uncle Ben's,Underberg,Unfished,Unicurd,Uniekaas,Univer,Universal,Unmilk,Unox,Unser Land,Unser Norden ,Unsere Heimat,Upländer Bauern Molkerei,Urbacher,Urkornhof,US Product Line,Uschold,USN,Utt's,Utz
Vabene,Vaihinger,Valensina,Valenzi,Valess,Valfrutta,Valio,Valsoia,Van Botta,Van der Huir & Wenholt,Van Hengelo,Van Nahmen,Vanela,Vantastic Foods,Vayu,VC,Vedschi ,Veety,Vega,Vegafit,Vegamigo,Vegan Bakery,Vegan Island,Vegan Leben,Vegan Vital Food,Vegan Wonderland,Veganz,Vegavita,Vegeta ,Vegetalis,Vegetaria,Vegetarisch Lecker ,Veggi Filata,Veggie Crunch,Veggie Gourmet,Veggie Life,Veggie Street,Veggy Friends,Veggyness,VegiFeel,Vegini,Vegio,Vegji,Vego,Vegourmet,Veit,Velfrisk,Velike,Veltins,Vemma,Venosta,Vepura,Verival,Verla,Verpoorten,VETAIN,Vevia,Viana,Viba,Vibono,Viboo,VICI,Vidal,VielLeicht,Vier Diamanten,Vierwälder,Vifon,Viking,Villani,Villosa,Vilsa,Vincinni,ViO,Violife,Vion,Viotros,VIP Italia,Virtu,Vit4ever,Vita Coco,Vita Cola,Vita2you ,Vitaconcept,Vitactiv,Vitafy,Vital,VITAL PROTEINS,Vitalia,Vitaline,Vitalis,Vitality,VITAM,Vitamalz,Vitamin Well,Vitamizzer,VitaMoment,Vitana,Vitaness,Vitanu,Vitapan,Vitaquell,Vitasafe,VitaSan,VitaSnack,Vitrex,Vittel,Vivani,Vivaris,Vivera,Vivil,Vivo Life,Vly,Voelkel,Vogtlandweide,Volksshake,Volvic,Von Goste,Von Hier,Vorwerk,Vöslauer,Vossko,VPX
Wagner,Wahrsteiner,Wajos,Wakame,Waldbaur,Waldburger Schinken,Waldecker,Walden Farms,Waldkauz,Walkers,Wander,WAO,Waraku,Warsteiner,Wasa,Wasner,Waterdrop ,Wawel,WAWI,Weber,Wechsler's,Wedel,Weetabix,Wehle,Weideglück,Weider,Weight Watchers,Weihenstephan,Weimarer,Wein's,Weiss,Weißenhorner,Weizli,Wela,Welde,Well & Slim,WellMix,Welt Partner,Weltgold,Wendl,WEPA,Werder,Werner Lauenroth,Werner's,Wernesgrüner ,Wernli,Wernsing,Werther's Original,Werz,Wesergold,Weserkraft,Western Prime Cut,Westfalen Krone,WestfalenLand,Westland,Westlite,Wetzel,Wheaty,Wheyhey,White Pro,White Supps,Whole Earth,Wholey,Wick,Wicklein,Wiebold,Wiefleisch,Wiesbauer,Wiesehoff,Wiesenhof,Wiesentaler,Wikana,Wild,Wild Spartan,Wildcorn,Wilke,Willis,Wilmersburger,Wiltmann,Wilx,Wimmer,Windau,Windel,Wingert,Winiary,Winsenia,Witor's,Wittenseer,Woerle,Wohltuer,Wojnar's,Wolfra,Wolfram Berge,Wolters,Women's Best,Woogie,World's Kitchen,Wostok,Wow!Bab,Wrapidoz,Wrigley's,Wu Chung,Wünsch Dir Mahl,Wünsche,Wurzener,Wyld
Xbody,XbyX,Xcore,Xenofit,Xlim,XOX,Xucker,Xweet,XXL Nutrition,Xxx
Yakso,Yakult,Yamato,Yamo,YANGBAN,Yano,Yasha,Yayla,Yedoy,Yes Please,YFood,YO,Yofrutta,Yogi Tea,Yogurette,Yoguru,Yojo,Yokebe,Yoplait,Yörem,Youcook,Your Nutrition,Your Superfoods,Ysco,Yumello,Yummie Bakery,Yummy,YumYum,Yutaka
Zabler,Zamek,Zauberhaft Backen,Zebra Bar,ZEC+,Zeevi,Zeisner,ZEIT FÜR BROT,Zentis,Zerbster Original,Zero Meat,Zero Pasta,Zespri,Zetti,Zico,Ziegler,Zigmas ,Zija,Zillertaler,Zimbo,Zimmermann,Zirkulin,Zörbiger,Zott,Zotter,Zöttl,Zuegg,Züger,Zuivelhoeve,Zum Dorfkrug,Zurück zum Ursprung,Zwanenberg,Zweifel,Zwergenwiese
A&P,Acentino ,AH,Aladin,Alasia Perle,Albona,Aldente,Aldi,Aldi Bio,Aldi Nord,Alesto,All Seasons,Almare,Alpenfest Style,Alpengut,Alpenküche,Alpenmark,Alpenschmaus,Amanie,Amaroy,American,American Style,Anfrisa,Animation,Antalya,Aqua Culinaris,Aqua Nordic,Ardilla,Argeta,Arktis,Armada,Aromico,Asia Green Garden,Asia Spezialitäten,Atka,Atlantic,Aufrisa
Back Family,Bäckerkrönung,Backfee,Backstube Lechauen,Balconi,Barbeque,BärBrot,Baresa,Basic,Basini,Bauernglück,Bauer's,BBQ,Be Light,Bel Royal,Belbake,Belgix,Bella Riviera,Bellarom,Bellasan,Belmont,Berida,Bermont,Best Moments,Beste Ernte,Bexlight,Biac,Billa,Bio,Bio Primo,Bio Wertkost,Biotrend,Biscoteria,Biscotto,Black Cat,Bon Appetit,Bon Gelati,Bon-Ri,Bonrisi,Booster,Bösinger,Botato,Bravo,Breadies,Bronchibon,Brotzeit,Bubi,Bullit,Butcher's Burger
C1000,Cafe Time,Caffeciao,Campo Largo,Campus,Cantinelle,Captains Tea,Carat,Casa Moderna,Casa Morando,Casa Romantica,Casal Espanol,Casale Fresco,Casino,Cassie,Cavabel,Château,Chef Select,Chef Select Italia,Chef Select To Go,Chêne D'argent,Chocarré,Choceur,Choco Bistro ,Choco Edition,Choco Softies,Christian's Bäck,Clever,Coffee & Milk,Cologran,Combi,Combino,Combo,Comet,Confifrucht,Confiserie Firenze,Conradl,Coop,Coquette,Corbell,Cornwall,Covo,Crazy Wolf,Crefée,Cremino,Cremisee,Crop's,Crownfield,Crusti Croc,Cucina,Culinea
Dairygold,Daloon,Dandesan,D'Antelli,Das Beste vom Lande,D'aucy ,Day Plus,De Kroes,De Verwenbakker,Delicata,Delicia,Delikatess,Delikato,Delique,Deluxe,Derby,Desira,Devina,Die Landküche ,Dieter Hein,Dinner Fee,Dinner Gold,DM,Dome,Don Camillo,Dorati,Dorfgold,Douceur,Dr. Lange ,Dreimaster ,Duc De Coeur,Dulano
Echt Gut,Echt Vierländer,Edeka,Edeka Bio,Edeka Deli,Edeka Italia,Edeka La France,Edeka Lust auf Leicht,Edeka Mibell,Edeka Selection,Edeka Südwest,Ein gutes Stück Heimat,Eisstern,El Tequito,Elbtal,Elitess,Emotionali,Entdecke America,Erasmi,Eridanous,Erlenhof,Ernte Krone,Escal,Eskimo,Espana,Euro Shopper,Euro-Asia,Ewald,Excellent Buffet,Excelsior,Expressi,Exquisit
Fabulo,Fair ,Fairglobe,Famila,Farmer,Favorini,Feine Kost,Feine Landküche,Feinkäserei,Feneberg,Feurich,Fin Carré,Finest,Finest Gourmet,Fioccini,Fischer Stolz,Fishfinesse,Fit & Activ,Fix & Fertig,Fjördens,Fjordkrone,Flirt,Flora Danica,Flying Power,Food For Future,Forster,Frankenberg,Frankenstolz,Freeway,Freihofer Gourmet,French Style ,Fresh Care,Freshona,Freshvale,Friedel,Friedrichs,Frisch & Fertig,Frisch & Lecker,Frischpack,Fröhliche Osterzeit,Frucht Oase,Fruchtstern ,Für den Kleinen Kauf,Fürstenklasse,Fürstenkrone
Galeria Gourmet,Galileo,Gartenkrone,Gebirgsjäger,Gelatelli,Genuss der Saison,Genuss Krone,Glenfell,Gletscherkrone,Globus,Goldähren,Goldblume,Golden Breakfast,Golden Daybreak,Golden Fruit ,Golden Seafood,Golden Sun,Golden Valley,Goldessa,Goldfit,Goldkrone,Goldland,Goldora,Good Milk,Gourmeat,Gourmella,Gourmet,Grafenwalder,Granarom,Grandessa,Grandiso,Graudiso,Grazil,Greece,Green Grocer's,Greenland,Greisinger,Gretl Brot,Griesinger,Grill Time,Grillmeister,Grossmann,Grotemeyer's Konditorei,Grünhorst,Güldenhof,Gustoria,Gut & Fein,Gut & Günstig,Gut Bartenhof,Gut Drei Eichen,Gut Erkenloh,Gut Frielingshof,Gut für Dich,Gut Langenhof,Gut Ponholz,GutBio,Gutes Land ,Gutfleisch,Gutknecht,Gutskrone 
Hans Freitag,Hansematz,Hardthof,Hartmann,Harvest Basket,Harvin,Hasa,Hatherwood,Hearts,Heat &amp; Eat,Heidegrund ,Heidevesper,Heinz Wille,Heitessa,Hig Hagemann,HIT,Hofburger,Hofgut Meilitz,Hofmaier,Holstensegen,Hustinetten
ICA,Ice-Fantasy,Ideal,Il Gusto Dell Italia,Ital d'Oro,Italiamo
J. D. Gross,Jack's Farm,Jardinelle,Jean Luc,Jean Pierre,Jeden Tag,Jetgum,Jogging,Jonas,Jumbo,Juwel
K + K,Kaiser's,Kalamatos,Kania,Kapitan Navi,Karli Kugelblitz,Karlis ,Karlskrone,Karlsquell,Kasländer,Kaufland,Kaufland Bio,Kaufland To Go,K-Bio,K-Classic,K-Favourites,Kff,Kim,KingFrais,King's Crown,Kingsway,Kitchenette,Klostergarten,Knabsi,Knixx,Knusperone,Kohlhase,Kong Strong,Korn Mühle ,Kornkammer,Korrekt,Krone,Kuchen Party
L.Aktiflor,La Bonesse,La Caldera,La Campagna,La Finesse ,La Molisana,Lækker,Land Mark,Landena,Landfein,Landfreude,Landgut,Landjunker,Landmanns,Landvogt,Le Coq De France,Le Gusto,Le Mazet,Leckerrom,Leicht und Fit,Leichte Linie,Leichter Genuss,Lemar,Lewandowski,Lichtenberg,Lichtenberger ,Lidl,Lieblings,Life Is Soyummy,Limetto,Lindenhof,Lindtmanns,Line,Linessa,Lisani,Lord Nelson,Lovilio,Lyttos
Macariso,Magico,Mama Gina,Mama Mancini,Mamma Gina,Mamma Pasta,Marbertz,Marena,Maribel,Marktkauf,Marlene,Marmarabirlik,Marvest,Master Crumble,Maurinus,Max Balance,Maxima,Maximum Natur,Mayfair,McEnnedy,Meal Quick,Mei Tai,Meierbaer,Meierkamp,Meiko,Mein Fest,Mein Veggie Tag,Meine Käserei,Meine Metzgerei,Meine Zeit,Merkur,Merry,Metro,Metzger Meyer ,Metzgerfrisch,Mibell,Migros,Migros Bio,Mike Mitchell's,Milblu,Milbona,Milchfrisch,Milfina,Milino,Milpro,Milsa,Milsani,Minimum,Minulakt,Mister Choc,Mitakos,Mitsuba,Mix Markt,Mixxed Up,Mon Café,Monarc,Monte Castello,Moreno,Moser Roth,Mucci,Mühlen Gold,Mühlenhof,Multinorm,My Best Veggie,MY Vay
Natur Lieblinge,Naturgut,Nelly's,Neptune's Garden,Netto,Next Level Meat,Nimm's Leicht,Nonna Mia,Nordholmer,Nordwaldtaler,Norma,Nostia,Nussetti,Nusskati
Ocean Steamer,Ocean Trader,OceanSea,Ofterdinger,Oldenhäuser,Oldenländer,Olymp,Omega,One Day More,One World,Open BBQ Season,Optisana,Orient Plaza,Orient Spezialitäten,Orto Mio,Ostermeier,Osterzauber
Papa Joe's,Parade,Paradiso,Pataya,Paulus,Penny Heat & Eat,Penny Markt,Penny Ready,Penny To Go,Petit Paris ,Petri,Peynoos,Pfiff,Pic Frisch,Pilos,Piratinos,Pizza Ah,Plein Sud,Pluma,Plus,Potato Master,Pote,Pottkieker,Premieur,Prevora,Prima Kost,Primadonna,Primana,Prime Burger,Primello,Proviact,Puda,Pure Fruit,Purland,Putenland
Quellbrunn,Quelly,Querbeet,Quix
Real,Real Bio,Real Quality,Real Selection,Redlefsen,Reformhaus,Reichelt,Reichenhof ,Reichsgraf,Rela,REWE,REWE Beste Wahl,REWE Bio,REWE Feine Welt,REWE Frei von,REWE Regional,REWE To Go,Riggano,Rio D'oro,Rio Grande,Rios,Ristic,Riva,River,Rivercote,Roi De Trefle,Rokoma,Rolffes,Romanza,Rookhus,Royal Orient,Royal Pacific ,Rusti Chips 
Saladinettes,Salamio,Salinetto,Salumeo,San Fabio,Sander,Santa Claus in Town,Saskia,Satori,S-Budget,Schätze des Orients,Schätzle,Schildauer,Schlossküche,Schokoliebe,Scholetta,Schovit,Schreiber,Schuhbecks,Schwarzwaldrauch,Sea Gold,Select & Go,Silberkranz,Sirius,Skandinavic's,Sky,Smorbotte,Snack Day,Snack Time,Snack'n'Go,Snacky Cracky,Sodergarden,Sofra,Sölde,Solevita,Sondey,Sonnengarten,Sonniger,Sonnländer,SPAR,SPAR Enjoy,SPAR Natur Pur,SPAR Premium,SPAR Veggie,SPAR Vital,Speedstar,Speisezeit,Splish,Springfresh,St. Alpine,Star Marke,Stardrink,Stauffenberg,Steak Selection,Steakfriends,Steinemann,Sternberger,Sugar Kiss,Sugarland,Summerhill,Sun Snacks,Surf,Sweet Corner,Sweet Delight,Sweet Valley,Sweetland,Symphonie
Take Away,Take It Veggie,T'Amoro,Tante Fanny,Tante Klara,TAO,Taste Of Asia,Taste To Go,Tedi,tegut…,Tenery,Tengelmann,Teviana,Thea's Beste,Time To Taste,Timmendorfer,TiP,Tirestella,Tizio,Toom,Topsport,Topstar,Trader Joe's ,Traditionelle Genüsse,Trattoria Alfredo,Trawlic,Tremondi,Trimm,True Mints,Tutto Bene,Twinner
Ursi
Valbonta,Valgrande,Van Danken,Van D'or,Vegola,VeHappy,Vemondo,Villa Gusto,Vita D'or,Vitafit,Vitakrone,Vitalitasia,Vitalp ,Vitasia,Viva Vital,Vom Feinsten,Vom Land
Wan Kwai,Wasgau,WEFA,Well You,Wellissa,Westcliff,Westminster ,Whole & Pure,Wiesenländer,Wiesgart,Wiesn Schmankerl,Wikinger,Wilhelm Brandenburg,Willms,Winarom,Winny,Wintertraum,Wolf,Wonnemeyer
Yang Tse,Yogosan
Zeus,Zitterwälder
